{
  "eval_loss": 1.338866949081421,
  "eval_accuracy": 0.42168674698795183,
  "eval_macro_f1": 0.2462797619047619,
  "eval_runtime": 0.0303,
  "eval_samples_per_second": 2740.9,
  "eval_steps_per_second": 99.069,
  "epoch": 42.0
}